{
  "kivymd_palette": "Gray",
  "kivymd_style": "Dark",
  "primary": [0.6196078431372549, 0.6196078431372549, 0.6196078431372549, 1.0],
  "primary_light": [0.9333333333333333, 0.9333333333333333, 0.9333333333333333, 1.0],
  "primary_dark": [0.3803921568627451, 0.3803921568627451, 0.3803921568627451, 1.0],
  "global_background": [0.2, 0.2, 0.2, 1.0],
  "tab_color": [0.337, 0.337, 0.337, 1.0],
  "tab_change_color": [0.2, 0.2, 0.2, 1.0],
  "button_color": [0.2, 0.2, 0.2, 1.0],
  "button_font": "",
  "close_button_color": [0.2, 0.2, 0.2, 1.0],
  "close_button_font": "",
  "spacer_color": [0.2, 0.71, 0.9, 1]
}